cohort_year,total_investors,avg_sip_amount,total_invested,top_fund
2024,4803,107422.54183205638,3491125187,148568
2025,197,109158.5770609319,30455243,119599
